image_1,image_2,image_3,image_4,image_5
https://rajatbhatnagar94.github.io/images/pair_hi/0_COCO_val2014_000000538976_COCO_val2014_000000270705.png,https://rajatbhatnagar94.github.io/images/pair_hi/1_COCO_val2014_000000030549_COCO_val2014_000000479213.png,https://rajatbhatnagar94.github.io/images/pair_hi/2_COCO_val2014_000000311394_COCO_val2014_000000501429.png,https://rajatbhatnagar94.github.io/images/pair_hi/3_COCO_val2014_000000066567_COCO_val2014_000000249352.png,https://rajatbhatnagar94.github.io/images/pair_hi/4_COCO_val2014_000000103375_COCO_val2014_000000097693.png
https://rajatbhatnagar94.github.io/images/pair_hi/5_COCO_val2014_000000570678_COCO_val2014_000000226588.png,https://rajatbhatnagar94.github.io/images/pair_hi/6_COCO_val2014_000000581253_COCO_val2014_000000408542.png,https://rajatbhatnagar94.github.io/images/pair_hi/7_COCO_val2014_000000566634_COCO_val2014_000000489763.png,https://rajatbhatnagar94.github.io/images/pair_hi/8_COCO_val2014_000000532211_COCO_val2014_000000208311.png,https://rajatbhatnagar94.github.io/images/pair_hi/9_COCO_val2014_000000105011_COCO_val2014_000000468337.png
https://rajatbhatnagar94.github.io/images/pair_hi/10_COCO_val2014_000000022118_COCO_val2014_000000406899.png,https://rajatbhatnagar94.github.io/images/pair_hi/11_COCO_val2014_000000199149_COCO_val2014_000000229889.png,https://rajatbhatnagar94.github.io/images/pair_hi/12_COCO_val2014_000000398005_COCO_val2014_000000572055.png,https://rajatbhatnagar94.github.io/images/pair_hi/13_COCO_val2014_000000306664_COCO_val2014_000000419228.png,https://rajatbhatnagar94.github.io/images/pair_hi/14_COCO_val2014_000000396693_COCO_val2014_000000231037.png
https://rajatbhatnagar94.github.io/images/pair_hi/15_COCO_val2014_000000396693_COCO_val2014_000000010684.png,https://rajatbhatnagar94.github.io/images/pair_hi/16_COCO_val2014_000000299089_COCO_val2014_000000398005.png,https://rajatbhatnagar94.github.io/images/pair_hi/17_COCO_val2014_000000085007_COCO_val2014_000000401028.png,https://rajatbhatnagar94.github.io/images/pair_hi/18_COCO_val2014_000000055810_COCO_val2014_000000225495.png,https://rajatbhatnagar94.github.io/images/pair_hi/19_COCO_val2014_000000363508_COCO_val2014_000000475150.png
https://rajatbhatnagar94.github.io/images/pair_hi/20_COCO_val2014_000000326174_COCO_val2014_000000434177.png,https://rajatbhatnagar94.github.io/images/pair_hi/21_COCO_val2014_000000385514_COCO_val2014_000000223738.png,https://rajatbhatnagar94.github.io/images/pair_hi/22_COCO_val2014_000000469961_COCO_val2014_000000490878.png,https://rajatbhatnagar94.github.io/images/pair_hi/23_COCO_val2014_000000199122_COCO_val2014_000000385194.png,https://rajatbhatnagar94.github.io/images/pair_hi/24_COCO_val2014_000000318573_COCO_val2014_000000269689.png
https://rajatbhatnagar94.github.io/images/pair_hi/25_COCO_val2014_000000578314_COCO_val2014_000000280619.png,https://rajatbhatnagar94.github.io/images/pair_hi/26_COCO_val2014_000000067255_COCO_val2014_000000167510.png,https://rajatbhatnagar94.github.io/images/pair_hi/27_COCO_val2014_000000067255_COCO_val2014_000000572427.png,https://rajatbhatnagar94.github.io/images/pair_hi/28_COCO_val2014_000000481314_COCO_val2014_000000045587.png,https://rajatbhatnagar94.github.io/images/pair_hi/29_COCO_val2014_000000046432_COCO_val2014_000000036478.png
https://rajatbhatnagar94.github.io/images/pair_hi/30_COCO_val2014_000000110369_COCO_val2014_000000056580.png,https://rajatbhatnagar94.github.io/images/pair_hi/31_COCO_val2014_000000110369_COCO_val2014_000000046099.png,https://rajatbhatnagar94.github.io/images/pair_hi/32_COCO_val2014_000000238700_COCO_val2014_000000123836.png,https://rajatbhatnagar94.github.io/images/pair_hi/33_COCO_val2014_000000238700_COCO_val2014_000000544975.png,https://rajatbhatnagar94.github.io/images/pair_hi/34_COCO_val2014_000000163118_COCO_val2014_000000324595.png
https://rajatbhatnagar94.github.io/images/pair_hi/35_COCO_val2014_000000399284_COCO_val2014_000000020276.png,https://rajatbhatnagar94.github.io/images/pair_hi/36_COCO_val2014_000000001448_COCO_val2014_000000052386.png,https://rajatbhatnagar94.github.io/images/pair_hi/37_COCO_val2014_000000470513_COCO_val2014_000000219434.png,https://rajatbhatnagar94.github.io/images/pair_hi/38_COCO_val2014_000000171241_COCO_val2014_000000232243.png,https://rajatbhatnagar94.github.io/images/pair_hi/39_COCO_val2014_000000572784_COCO_val2014_000000486046.png
https://rajatbhatnagar94.github.io/images/pair_hi/40_COCO_val2014_000000231691_COCO_val2014_000000537589.png,https://rajatbhatnagar94.github.io/images/pair_hi/41_COCO_val2014_000000236784_COCO_val2014_000000406976.png,https://rajatbhatnagar94.github.io/images/pair_hi/42_COCO_val2014_000000025747_COCO_val2014_000000506416.png,https://rajatbhatnagar94.github.io/images/pair_hi/43_COCO_val2014_000000204930_COCO_val2014_000000187610.png,https://rajatbhatnagar94.github.io/images/pair_hi/44_COCO_val2014_000000283203_COCO_val2014_000000360181.png
https://rajatbhatnagar94.github.io/images/pair_hi/45_COCO_val2014_000000192095_COCO_val2014_000000430961.png,https://rajatbhatnagar94.github.io/images/pair_hi/46_COCO_val2014_000000526806_COCO_val2014_000000308894.png,https://rajatbhatnagar94.github.io/images/pair_hi/47_COCO_val2014_000000039671_COCO_val2014_000000171199.png,https://rajatbhatnagar94.github.io/images/pair_hi/48_COCO_val2014_000000525763_COCO_val2014_000000293026.png,https://rajatbhatnagar94.github.io/images/pair_hi/49_COCO_val2014_000000273493_COCO_val2014_000000442861.png
